model,precision,recall,accuracy,f1_score,avg_response_time
gpt_rag,1.0,1.0,1.0,1.0,2.92993492603302
gpt_few_shot,1.0,1.0,1.0,1.0,2.8871293258666992
gemma_rag,0.7666666666666667,0.6,0.6,0.48596491228070177,65.25742137908935
gemma_few_shot,0.7851162790697674,0.64,0.64,0.5940281690140845,58.14141912698746
