model,precision,recall,accuracy,f1_score,avg_response_time
gpt_rag,1.0,1.0,1.0,1.0,2.9766485929489135
gpt_few_shot,1.0,1.0,1.0,1.0,3.0147081851959228
gemma_rag,0.25,0.5,0.5,0.3333333333333333,61.95816566944122
gemma_few_shot,0.7777777777777778,0.6,0.6,0.5238095238095238,69.8025622844696
