model,precision,recall,accuracy,f1_score,avg_response_time
gpt_rag,1.0,0.98,0.98,0.9897674418604652,2.756509187221527
gpt_few_shot,1.0,0.98,0.98,0.9897674418604652,2.5286560583114626
gemma_rag,0.7701052631578946,0.6,0.6,0.48869757174392936,58.69711168050766
gemma_few_shot,0.9218604651162791,0.48,0.48,0.5945858585858587,52.62786276578903
